rider_id,name,age,gender,city,signup_date,total_rides,cancelled_rides,avg_rating
R0001,Saanvi Ghosh,56,Female,Bengaluru,2020-03-13,64,47,4.41
R0002,Vivaan Das,NaN,Female,Delhi,2022-01-02,266,25,3.26
R0003,Aarav Sharma,NaN,Female,Jaipur,2020-09-07,NaN,NaN,NaN
R0004,Ishaan Reddy,NaN,Male,Surat,2019-07-24,345,43,4.62
R0005,Aarav Gupta,NaN,Other,Surat,2023-09-21,454,44,3.94
R0006,Vivaan Das,48,Other,Pune,2022-05-08,465,23,4.06
R0007,Aarav Patel,30,Other,Delhi,2020-12-11,150,18,4.66
R0008,Reyansh Sharma,25,Other,Surat,2019-08-05,434,2,4.47
R0009,Arjun Gupta,32,Male,Mumbai,2022-05-15,346,46,4.72
R0010,Aarav Kumar,45,NaN,Hyderabad,2019-07-09,431,NaN,3.83
R0011,Kavya Sharma,28,Male,Kolkata,2020-01-16,6,31,3.91
R0012,Saanvi Ghosh,20,Male,Hyderabad,2019-05-19,129,8,4.01
R0013,Reyansh Iyer,57,Other,Pune,2021-09-07,348,29,4.13
R0014,Diya Gupta,32,Other,Mumbai,2020-03-25,8,37,3.91
R0015,Reyansh Sharma,52,Other,Kolkata,2019-07-28,218,46,4.87
R0016,Kavya Singh,31,Other,Mumbai,2019-01-29,462,NaN,3.55
R0017,Diya Ghosh,50,Female,Chennai,2023-07-24,163,1,NaN
R0018,Reyansh Nair,41,Male,Mumbai,2019-07-30,487,NaN,3.61
R0019,Ishaan Nair,45,Male,Chennai,2020-07-24,98,38,4.96
R0020,Diya Kumar,50,Female,Pune,2023-04-23,259,NaN,4.21
R0021,Diya Reddy,60,Female,Pune,2023-02-07,395,NaN,NaN
R0022,Saanvi Nair,51,Female,Bengaluru,2021-12-22,119,11,3.85
R0023,Arjun Das,40,NaN,Bengaluru,2019-02-23,319,14,3.09
R0024,Ishaan Singh,49,Other,Pune,2022-08-14,267,25,NaN
R0025,Reyansh Gupta,52,Other,Kolkata,2020-06-04,143,7,3.77
R0026,Ishaan Gupta,23,Male,Jaipur,2021-08-29,172,47,4.1
R0027,Arjun Das,32,NaN,NaN,2020-09-16,493,19,3.85
R0028,Aarav Reddy,20,Male,Hyderabad,2021-05-24,309,40,NaN
R0029,Kavya Kumar,49,Other,Pune,2020-12-16,329,NaN,4.43
R0030,Vivaan Ghosh,32,Female,Chennai,2020-10-10,107,42,4.53
R0031,Ishaan Das,40,Male,Delhi,2019-08-23,72,30,NaN
R0032,Saanvi Iyer,NaN,Male,Kolkata,2021-08-24,181,28,4.88
R0033,Arjun Nair,55,Female,Hyderabad,2022-09-10,94,12,NaN
R0034,Aadhya Ghosh,57,Female,Delhi,2022-01-23,288,19,3.87
R0035,Diya Kumar,41,Other,Hyderabad,2023-08-29,63,NaN,4.89
R0036,Aadhya Patel,39,Female,Pune,2020-01-01,NaN,NaN,3.06
R0037,Reyansh Nair,50,Male,NaN,2022-02-26,262,36,4.69
R0038,Vivaan Iyer,43,Other,Ahmedabad,2023-10-08,111,11,4.43
R0039,Ishaan Gupta,34,Female,Jaipur,2020-08-28,72,18,3.96
R0040,Meera Gupta,19,Female,Mumbai,2020-08-26,NaN,NaN,3.04
R0041,Meera Iyer,52,Male,Chennai,2019-11-22,496,12,3.36
R0042,Reyansh Gupta,27,Female,Mumbai,2020-12-17,108,NaN,3.22
R0043,Kavya Reddy,NaN,Male,Jaipur,2022-03-16,80,NaN,4.07
R0044,Diya Singh,55,Male,Delhi,2020-03-23,375,NaN,4.43
R0045,Arjun Ghosh,41,Female,Kolkata,2020-01-03,268,12,3.63
R0046,Vivaan Kumar,36,Other,Mumbai,2020-11-02,81,5,3.05
R0047,Arjun Reddy,41,Female,Mumbai,2021-12-01,460,18,4.85
R0048,Reyansh Reddy,27,NaN,Surat,2023-04-16,205,6,4.77
R0049,Vivaan Das,28,Other,Jaipur,2023-08-09,147,24,4.9
R0050,Meera Ghosh,NaN,Male,Pune,2021-11-08,247,NaN,4.85
R0051,Diya Reddy,44,Other,Hyderabad,2022-09-13,106,50,4.43
R0052,Aarav Iyer,52,Male,Chennai,2021-02-08,430,6,3.95
R0053,Meera Singh,24,NaN,Chennai,2022-12-18,494,12,4.55
R0054,Aarav Kumar,49,Female,Mumbai,2019-04-28,NaN,NaN,NaN
R0055,Reyansh Das,NaN,Female,Bengaluru,2023-11-05,35,NaN,3.31
R0056,Vivaan Das,NaN,Other,Delhi,2021-04-27,394,32,3.75
R0057,Vivaan Ghosh,20,Other,Chennai,2022-02-15,59,41,4.14
R0058,Reyansh Singh,23,Male,Surat,2021-03-09,180,34,4.38
R0059,Meera Patel,45,Male,Kolkata,2019-07-03,363,16,NaN
R0060,Meera Singh,39,NaN,Ahmedabad,2020-09-21,122,13,NaN
R0061,Ishaan Nair,37,Male,Hyderabad,2022-06-04,NaN,NaN,4.44
R0062,Aadhya Ghosh,32,Other,Hyderabad,2019-02-13,96,6,4.67
R0063,Reyansh Singh,38,Female,Delhi,2022-03-19,56,36,4.05
R0064,Arjun Patel,32,Female,Hyderabad,2023-04-30,347,35,4.52
R0065,Kavya Patel,49,Other,Mumbai,2022-11-19,487,39,NaN
R0066,Aarav Sharma,27,Other,Chennai,2020-08-31,NaN,NaN,3.37
R0067,Diya Sharma,59,Other,Pune,2019-12-30,367,49,3.72
R0068,Saanvi Patel,30,Other,Kolkata,2019-10-27,184,3,4.28
R0069,Arjun Reddy,43,NaN,Bengaluru,2023-07-09,340,49,4.29
R0070,Vivaan Das,54,NaN,Hyderabad,2023-06-13,430,29,NaN
R0071,Reyansh Ghosh,35,Female,Hyderabad,2021-03-17,471,20,3.96
R0072,Ishaan Sharma,52,NaN,Kolkata,2022-07-23,495,NaN,3.64
R0073,Saanvi Iyer,39,Female,Hyderabad,2020-11-16,88,38,NaN
R0074,Arjun Gupta,NaN,Female,Chennai,2021-05-17,309,NaN,3.72
R0075,Arjun Ghosh,23,Male,Surat,2022-09-13,177,45,4.63
R0076,Aarav Singh,50,Other,Hyderabad,2021-12-25,391,14,4.67
R0077,Aarav Patel,58,Female,Delhi,2021-02-25,99,36,3.24
R0078,Vivaan Kumar,35,Female,Jaipur,2021-02-13,23,42,NaN
R0079,Kavya Ghosh,34,NaN,Pune,2019-11-27,289,17,NaN
R0080,Reyansh Reddy,45,Other,Ahmedabad,2021-07-15,242,48,4.73
R0081,Meera Ghosh,24,Other,Hyderabad,2022-01-08,341,NaN,3.64
R0082,Aadhya Nair,NaN,Male,Mumbai,2019-12-24,75,1,4.45
R0083,Reyansh Gupta,60,NaN,Chennai,2021-07-09,112,29,3.97
R0084,Arjun Kumar,40,Other,Hyderabad,2020-09-25,168,17,3.15
R0085,Reyansh Nair,53,Female,Bengaluru,2021-11-11,148,13,4.52
R0086,Diya Das,19,Female,Bengaluru,2019-09-27,NaN,NaN,3.01
R0087,Reyansh Gupta,NaN,Other,Delhi,2021-01-28,451,6,4.38
R0088,Kavya Ghosh,39,NaN,Jaipur,2021-10-23,498,16,3.68
R0089,Saanvi Singh,41,Other,Pune,2021-10-01,198,10,4.71
R0090,Meera Patel,NaN,Male,Kolkata,2021-03-28,488,17,4.27
R0091,Reyansh Kumar,18,Female,Kolkata,2022-05-07,203,10,3.5
R0092,Aadhya Kumar,22,Male,Kolkata,2019-01-10,NaN,NaN,4.29
R0093,Meera Nair,59,NaN,Bengaluru,2023-03-04,303,25,3.7
R0094,Diya Patel,29,Female,Ahmedabad,2023-11-24,NaN,NaN,3.62
R0095,Ishaan Das,54,NaN,NaN,2021-07-18,445,34,3.35
R0096,Aarav Kumar,53,Female,Jaipur,2020-03-01,49,0,3.22
R0097,Arjun Ghosh,19,Female,Mumbai,2019-10-07,223,9,3.28
R0098,Arjun Gupta,57,Male,Ahmedabad,2023-02-24,292,25,3.19
R0099,Reyansh Ghosh,25,Male,Jaipur,2022-12-26,449,23,4.98
R0100,Diya Iyer,38,Other,Bengaluru,2019-06-08,388,16,4.39
R0101,Arjun Kumar,NaN,NaN,NaN,2023-02-03,367,NaN,4.18
R0102,Aadhya Patel,25,Male,Chennai,2021-05-12,217,19,3.65
R0103,Reyansh Gupta,34,Other,Kolkata,2021-02-04,361,NaN,4.31
R0104,Aadhya Kumar,32,Male,Jaipur,2021-12-05,364,23,4.31
R0105,Ishaan Ghosh,36,Other,Bengaluru,2022-11-11,NaN,NaN,3.39
R0106,Aarav Singh,31,Male,NaN,2021-11-01,434,36,4.1
R0107,Meera Patel,30,Female,NaN,2021-03-31,182,25,4.07
R0108,Kavya Gupta,59,Male,Surat,2023-10-12,145,42,4.46
R0109,Vivaan Reddy,42,Male,Jaipur,2020-11-30,423,13,4.06
R0110,Ishaan Kumar,27,Male,Ahmedabad,2022-11-21,392,18,3.42
R0111,Aadhya Singh,NaN,Other,Ahmedabad,2023-09-06,338,32,4.5
R0112,Arjun Reddy,19,NaN,Pune,2022-11-02,NaN,NaN,3.77
R0113,Arjun Sharma,48,Other,NaN,2021-10-10,18,42,3.38
R0114,Meera Nair,34,NaN,Kolkata,2023-11-06,70,48,3.62
R0115,Diya Reddy,34,Other,Mumbai,2019-11-01,NaN,NaN,3.74
R0116,Diya Nair,59,Male,Ahmedabad,2021-06-26,219,39,4.76
R0117,Aadhya Nair,24,Female,Delhi,2022-03-27,66,45,4.08
R0118,Aarav Nair,18,NaN,Bengaluru,2019-08-19,361,2,4.35
R0119,Aarav Das,48,Male,Chennai,2021-09-03,340,10,4.38
R0120,Vivaan Das,55,Male,NaN,2021-08-19,107,19,4.22
R0121,Aarav Ghosh,32,Other,Jaipur,2020-07-17,487,NaN,4.59
R0122,Saanvi Iyer,NaN,Female,Delhi,2021-12-09,337,3,4.33
R0123,Aarav Singh,28,Male,Delhi,2019-09-28,33,17,4.84
R0124,Vivaan Kumar,58,Female,Kolkata,2021-07-04,87,4,3.02
R0125,Kavya Das,30,Female,NaN,2022-05-11,395,NaN,4.72
R0126,Aarav Sharma,NaN,Other,Surat,2019-06-23,382,11,3.35
R0127,Arjun Sharma,57,Other,Mumbai,2021-10-12,322,15,NaN
R0128,Vivaan Iyer,NaN,Female,Jaipur,2020-04-28,139,26,3.39
R0129,Meera Das,24,Female,Mumbai,2023-10-24,162,19,4.52
R0130,Reyansh Iyer,NaN,Male,Surat,2022-10-21,105,41,4.49
R0131,Kavya Ghosh,32,Male,Hyderabad,2021-05-05,155,34,3.33
R0132,Meera Sharma,30,Other,Hyderabad,2023-10-23,NaN,NaN,3.95
R0133,Ishaan Gupta,24,Other,Hyderabad,2019-12-22,398,41,4.57
R0134,Aadhya Ghosh,38,Female,Chennai,2020-02-17,115,48,3.58
R0135,Saanvi Ghosh,NaN,Other,Delhi,2023-03-03,NaN,NaN,NaN
R0136,Kavya Reddy,NaN,Other,Hyderabad,2022-11-28,291,48,4.89
R0137,Meera Reddy,51,Other,Pune,2022-07-30,115,43,3.83
R0138,Aarav Das,NaN,Male,Jaipur,2019-05-02,82,7,NaN
R0139,Reyansh Kumar,43,Female,NaN,2019-01-30,133,43,4.94
R0140,Aarav Ghosh,35,Male,Jaipur,2021-08-17,424,6,NaN
R0141,Kavya Singh,23,Male,Kolkata,2019-05-19,25,19,3.53
R0142,Diya Kumar,21,Male,Mumbai,2023-05-14,471,11,3.72
R0143,Reyansh Kumar,20,Female,Jaipur,2022-01-22,156,45,3.84
R0144,Kavya Ghosh,37,Other,NaN,2023-10-28,3,47,4.21
R0145,Kavya Ghosh,50,Female,Bengaluru,2020-01-27,126,NaN,4.06
R0146,Kavya Das,44,Female,Bengaluru,2023-06-25,245,17,4.24
R0147,Ishaan Nair,56,Male,Pune,2021-04-03,414,5,4.14
R0148,Aarav Sharma,45,Female,Mumbai,2019-12-12,167,44,3.28
R0149,Reyansh Sharma,51,Other,NaN,2021-05-19,482,20,3.16
R0150,Aarav Sharma,19,Other,Mumbai,2020-10-05,202,23,NaN
R0151,Diya Reddy,45,Other,Chennai,2020-02-26,51,42,3.03
R0152,Arjun Reddy,32,Other,Delhi,2022-08-19,NaN,NaN,3.51
R0153,Kavya Iyer,53,Other,Bengaluru,2023-08-16,133,22,4.13
R0154,Diya Ghosh,55,Female,Bengaluru,2020-11-28,156,39,4.67
R0155,Saanvi Patel,NaN,Male,Mumbai,2022-04-01,77,NaN,3.74
R0156,Diya Kumar,48,Female,Mumbai,2022-01-13,3,NaN,3.1
R0157,Meera Kumar,33,Other,Bengaluru,2022-11-18,78,31,4.98
R0158,Arjun Reddy,59,Other,Pune,2021-10-17,37,41,3.98
R0159,Arjun Iyer,52,Other,Kolkata,2021-01-26,NaN,NaN,4.95
R0160,Vivaan Patel,57,Male,Chennai,2022-09-27,271,22,3.23
R0161,Ishaan Gupta,NaN,Other,NaN,2023-08-28,242,13,4.95
R0162,Vivaan Nair,NaN,Male,Jaipur,2022-11-13,25,15,4.44
R0163,Vivaan Gupta,51,Female,Delhi,2022-11-30,NaN,NaN,4.49
R0164,Meera Kumar,44,NaN,NaN,2021-08-27,427,29,3.97
R0165,Meera Gupta,23,Other,Hyderabad,2019-08-07,234,42,3.86
R0166,Vivaan Reddy,60,Female,Jaipur,2019-03-10,76,38,3.3
R0167,Diya Iyer,55,Female,NaN,2020-12-23,81,43,3.3
R0168,Kavya Patel,32,Female,Pune,2019-01-22,NaN,NaN,4.81
R0169,Ishaan Reddy,NaN,Male,NaN,2022-08-21,218,49,4.1
R0170,Reyansh Kumar,56,NaN,Bengaluru,2020-02-25,73,50,3.76
R0171,Aarav Singh,28,Male,Bengaluru,2019-03-16,321,45,3.35
R0172,Saanvi Iyer,45,Other,Kolkata,2022-11-29,73,18,4.32
R0173,Aarav Gupta,37,Female,Pune,2020-11-09,278,5,4.74
R0174,Aarav Kumar,NaN,Male,Surat,2020-05-05,241,33,3.55
R0175,Aadhya Gupta,31,Female,NaN,2019-09-14,44,31,3.83
R0176,Kavya Gupta,38,Female,Ahmedabad,2019-12-30,201,41,3.04
R0177,Reyansh Das,59,Other,Chennai,2022-07-21,484,6,4.5
R0178,Arjun Kumar,60,Other,Surat,2023-07-24,394,10,3.1
R0179,Reyansh Ghosh,19,Male,Delhi,2019-10-27,211,23,3.5
R0180,Meera Ghosh,NaN,Male,Delhi,2021-12-17,338,NaN,4.0
R0181,Aarav Singh,38,Male,Delhi,2019-10-26,395,17,4.28
R0182,Vivaan Ghosh,59,Other,Delhi,2023-02-15,432,30,3.28
R0183,Kavya Sharma,NaN,Male,Pune,2019-03-18,284,11,4.35
R0184,Diya Sharma,18,Female,NaN,2021-04-28,390,8,3.56
R0185,Aarav Singh,23,Female,Surat,2023-01-20,433,15,4.79
R0186,Ishaan Patel,47,Female,Kolkata,2020-03-21,189,31,4.55
R0187,Ishaan Patel,NaN,Male,Kolkata,2022-09-14,263,25,4.03
R0188,Saanvi Iyer,36,Female,Chennai,2020-09-22,373,1,4.96
R0189,Aadhya Iyer,38,Female,Kolkata,2020-10-15,439,6,4.68
R0190,Aadhya Ghosh,NaN,Male,Jaipur,2020-08-21,472,42,3.24
R0191,Reyansh Reddy,29,Male,Surat,2022-05-28,53,12,4.3
R0192,Reyansh Iyer,27,Male,Delhi,2022-10-23,NaN,NaN,4.96
R0193,Aarav Singh,35,Female,Ahmedabad,2020-12-25,13,NaN,4.88
R0194,Kavya Singh,25,Male,Kolkata,2021-10-10,290,46,4.16
R0195,Saanvi Reddy,60,Female,Pune,2020-01-12,219,18,NaN
R0196,Arjun Reddy,56,Female,Jaipur,2023-01-21,87,5,3.13
R0197,Meera Sharma,60,Male,NaN,2019-03-21,444,17,4.82
R0198,Aadhya Singh,47,Male,Pune,2023-04-13,70,1,3.16
R0199,Aadhya Sharma,59,NaN,Ahmedabad,2022-03-25,382,4,3.8
R0200,Aadhya Kumar,35,NaN,Pune,2019-02-11,264,37,4.75
R0201,Vivaan Ghosh,19,Female,Delhi,2019-07-16,181,29,NaN
R0202,Saanvi Nair,53,Other,Pune,2019-05-03,466,45,3.5
R0203,Meera Iyer,25,Male,Surat,2022-11-10,383,32,4.94
R0204,Aarav Iyer,41,Other,Ahmedabad,2019-09-05,121,45,4.21
R0205,Ishaan Iyer,24,Male,Kolkata,2019-09-29,289,11,3.12
R0206,Meera Iyer,31,Other,Bengaluru,2023-03-21,330,1,4.43
R0207,Arjun Kumar,58,Male,Pune,2021-05-10,85,39,3.63
R0208,Diya Singh,36,Female,Delhi,2019-06-16,421,35,4.4
R0209,Reyansh Kumar,48,Female,Hyderabad,2019-11-14,170,45,4.98
R0210,Arjun Nair,NaN,Male,Chennai,2021-02-01,349,11,4.58
R0211,Diya Nair,NaN,Male,NaN,2022-05-08,462,35,3.75
R0212,Ishaan Sharma,29,Other,Hyderabad,2021-02-18,27,42,3.98
R0213,Vivaan Ghosh,46,Female,Kolkata,2021-06-04,486,16,4.71
R0214,Meera Kumar,30,Other,Delhi,2019-11-10,88,29,3.28
R0215,Aarav Das,NaN,Male,Delhi,2021-10-18,432,28,NaN
R0216,Ishaan Sharma,30,Male,Chennai,2023-09-12,108,40,NaN
R0217,Aarav Patel,53,Male,Mumbai,2022-04-21,393,28,3.42
R0218,Reyansh Singh,44,Female,Chennai,2021-10-02,499,3,NaN
R0219,Arjun Singh,21,Male,Ahmedabad,2019-08-20,238,16,3.7
R0220,Diya Reddy,48,Male,NaN,2019-04-28,NaN,NaN,3.2
R0221,Vivaan Das,NaN,Female,Jaipur,2020-06-10,106,14,4.3
R0222,Kavya Kumar,55,Other,NaN,2023-11-17,158,11,3.84
R0223,Aadhya Gupta,44,Other,Surat,2021-02-25,489,35,3.11
R0224,Kavya Das,32,Female,Jaipur,2019-08-15,493,25,NaN
R0225,Saanvi Patel,50,Male,Chennai,2023-07-14,211,29,4.4
R0226,Arjun Nair,50,Female,NaN,2019-01-18,403,42,3.38
R0227,Diya Nair,49,NaN,Jaipur,2019-11-18,237,27,4.43
R0228,Aadhya Kumar,18,Other,Bengaluru,2021-12-31,456,20,3.98
R0229,Aarav Das,59,Male,Jaipur,2021-03-02,443,21,4.09
R0230,Arjun Patel,30,Male,Surat,2022-04-04,327,5,3.19
R0231,Arjun Gupta,23,Other,Jaipur,2023-08-05,262,26,4.48
R0232,Vivaan Iyer,52,Other,Surat,2023-05-30,89,NaN,4.68
R0233,Aarav Reddy,27,Other,NaN,2022-03-24,148,29,3.11
R0234,Kavya Gupta,44,Other,Surat,2022-09-21,271,30,4.73
R0235,Saanvi Ghosh,51,Male,Pune,2021-08-02,194,1,4.0
R0236,Reyansh Patel,45,Male,Surat,2021-10-22,348,46,4.31
R0237,Saanvi Das,48,Female,Bengaluru,2019-08-26,170,47,4.64
R0238,Kavya Singh,NaN,Female,Hyderabad,2021-03-26,104,6,4.29
R0239,Reyansh Iyer,59,Other,Jaipur,2019-01-25,494,NaN,3.77
R0240,Diya Iyer,53,Female,Pune,2022-06-25,403,37,3.54
R0241,Vivaan Patel,30,Other,Bengaluru,2020-08-02,322,NaN,3.52
R0242,Ishaan Iyer,37,Female,Pune,2021-06-18,NaN,NaN,NaN
R0243,Reyansh Sharma,40,Other,Jaipur,2020-09-23,14,25,3.39
R0244,Ishaan Singh,51,Other,Pune,2022-11-25,29,4,4.96
R0245,Reyansh Kumar,54,Male,Surat,2022-08-02,287,35,4.94
R0246,Meera Sharma,40,Other,Ahmedabad,2022-08-05,1,5,3.48
R0247,Aarav Reddy,51,Male,NaN,2019-08-15,335,28,4.68
R0248,Saanvi Gupta,28,Male,Surat,2023-03-12,125,29,3.28
R0249,Ishaan Gupta,44,Other,Mumbai,2023-08-09,200,NaN,4.85
R0250,Ishaan Singh,36,Other,Jaipur,2023-03-04,64,28,3.18
R0251,Arjun Iyer,55,Female,Jaipur,2023-06-21,129,NaN,4.23
R0252,Kavya Gupta,55,Other,Delhi,2022-10-14,264,5,4.72
R0253,Kavya Patel,56,Female,Delhi,2021-04-03,188,26,4.06
R0254,Ishaan Gupta,30,Other,Pune,2019-05-20,475,50,3.57
R0255,Saanvi Iyer,35,Female,Hyderabad,2020-04-07,309,46,3.18
R0256,Aadhya Das,19,Male,Kolkata,2019-04-19,459,44,3.56
R0257,Aarav Patel,50,Male,Mumbai,2021-07-20,267,NaN,3.64
R0258,Meera Patel,29,NaN,Surat,2019-09-07,127,23,NaN
R0259,Ishaan Ghosh,37,Other,NaN,2021-09-23,NaN,NaN,4.73
R0260,Ishaan Nair,31,Female,Pune,2019-06-07,133,NaN,3.79
R0261,Saanvi Iyer,60,Female,Bengaluru,2019-01-15,360,28,4.87
R0262,Diya Gupta,43,Female,Delhi,2022-07-15,121,8,3.72
R0263,Reyansh Gupta,39,Other,Delhi,2019-07-05,143,50,3.45
R0264,Aadhya Gupta,33,NaN,Jaipur,2020-03-27,NaN,NaN,4.1
R0265,Aadhya Patel,40,Female,Bengaluru,2019-11-17,317,30,3.22
R0266,Arjun Gupta,43,NaN,Mumbai,2019-11-09,399,49,4.32
R0267,Vivaan Das,36,NaN,Kolkata,2022-09-26,288,NaN,4.6
R0268,Saanvi Nair,37,Other,Ahmedabad,2022-06-04,336,21,4.81
R0269,Saanvi Ghosh,34,Other,Jaipur,2020-08-22,298,28,3.26
R0270,Saanvi Das,41,Male,Chennai,2021-10-29,289,48,4.01
R0271,Meera Ghosh,47,Other,Chennai,2020-06-07,348,23,4.43
R0272,Aarav Sharma,34,Female,Mumbai,2019-08-19,NaN,NaN,4.02
R0273,Reyansh Gupta,49,Male,Chennai,2020-03-08,245,33,3.17
R0274,Diya Kumar,NaN,Other,Hyderabad,2021-11-30,280,9,3.9
R0275,Vivaan Das,NaN,Female,Hyderabad,2021-08-01,252,24,4.1
R0276,Meera Kumar,30,Other,Delhi,2019-08-26,208,15,NaN
R0277,Arjun Iyer,22,Female,NaN,2023-11-13,NaN,NaN,3.36
R0278,Kavya Kumar,33,Male,Hyderabad,2021-08-18,467,NaN,3.14
R0279,Diya Iyer,36,Male,Delhi,2020-11-05,405,34,3.11
R0280,Reyansh Kumar,NaN,Other,Mumbai,2019-06-03,496,30,4.2
R0281,Vivaan Kumar,34,Female,Mumbai,2022-12-20,494,42,4.93
R0282,Ishaan Sharma,31,Female,Kolkata,2022-10-07,450,47,4.66
R0283,Kavya Singh,NaN,Female,NaN,2023-06-16,425,32,3.49
R0284,Meera Ghosh,59,Other,Pune,2020-09-26,242,21,4.7
R0285,Arjun Gupta,37,Other,Delhi,2021-09-28,396,10,3.38
R0286,Reyansh Nair,26,Male,Pune,2020-08-31,451,25,3.91
R0287,Arjun Das,55,Other,Bengaluru,2019-06-03,97,9,4.17
R0288,Reyansh Iyer,57,Female,Ahmedabad,2023-08-15,485,50,3.49
R0289,Reyansh Singh,32,Other,Hyderabad,2020-01-05,95,31,4.09
R0290,Kavya Das,57,Female,Bengaluru,2021-09-02,478,25,4.93
R0291,Aarav Nair,59,Female,Pune,2019-01-07,11,2,4.36
R0292,Aarav Singh,NaN,Female,Surat,2020-02-05,439,37,4.1
R0293,Reyansh Das,23,Female,Ahmedabad,2022-03-23,113,10,4.4
R0294,Kavya Gupta,NaN,Female,NaN,2021-10-02,51,34,3.91
R0295,Aadhya Sharma,31,Female,Delhi,2023-09-28,305,28,NaN
R0296,Aarav Ghosh,52,Male,Bengaluru,2020-06-27,201,10,4.87
R0297,Aadhya Iyer,32,Female,NaN,2019-12-06,9,6,NaN
R0298,Aarav Singh,43,Female,Mumbai,2021-03-08,280,22,3.11
R0299,Arjun Reddy,48,Female,Pune,2020-10-16,155,13,3.0
R0300,Aadhya Singh,22,Female,NaN,2020-11-07,190,50,4.61
R0301,Aadhya Iyer,59,NaN,Pune,2022-06-25,NaN,NaN,NaN
R0302,Kavya Singh,50,Female,Chennai,2020-11-25,NaN,NaN,3.26
R0303,Kavya Gupta,25,NaN,NaN,2021-09-18,NaN,NaN,NaN
R0304,Kavya Gupta,45,Female,Kolkata,2020-02-01,471,27,4.39
R0305,Ishaan Singh,18,Female,Chennai,2022-05-23,471,6,4.65
R0306,Diya Reddy,NaN,Female,Delhi,2020-06-03,133,NaN,NaN
R0307,Reyansh Iyer,25,Other,Bengaluru,2019-05-15,NaN,NaN,NaN
R0308,Meera Reddy,57,Male,NaN,2023-01-14,NaN,NaN,4.94
R0309,Saanvi Nair,26,Other,Jaipur,2021-04-17,152,NaN,4.63
R0310,Kavya Patel,30,Other,Mumbai,2021-10-22,127,48,4.11
R0311,Reyansh Kumar,18,Other,Bengaluru,2020-02-24,459,42,3.38
R0312,Ishaan Reddy,NaN,Other,Mumbai,2021-07-23,337,36,NaN
R0313,Meera Sharma,40,Male,Surat,2022-09-08,280,3,4.61
R0314,Kavya Iyer,59,Male,Jaipur,2020-02-23,162,10,3.67
R0315,Vivaan Reddy,28,NaN,Surat,2023-11-17,85,6,3.63
R0316,Ishaan Das,57,Female,Chennai,2019-12-14,360,41,4.12
R0317,Meera Patel,50,Female,Hyderabad,2021-12-26,NaN,NaN,3.58
R0318,Meera Das,37,Other,Bengaluru,2022-01-05,NaN,NaN,NaN
R0319,Aarav Patel,51,NaN,Delhi,2023-08-15,202,35,3.01
R0320,Arjun Gupta,51,Other,Ahmedabad,2021-03-13,100,4,4.24
R0321,Ishaan Ghosh,53,Female,Bengaluru,2023-02-03,326,NaN,4.74
R0322,Diya Ghosh,54,Female,Delhi,2019-04-25,27,16,3.48
R0323,Ishaan Gupta,23,Male,Chennai,2021-02-25,352,35,3.73
R0324,Saanvi Patel,NaN,Other,Kolkata,2022-04-17,444,9,3.85
R0325,Meera Das,49,Female,Mumbai,2022-04-19,452,40,4.41
R0326,Diya Reddy,24,Other,Hyderabad,2022-10-15,67,50,3.54
R0327,Ishaan Patel,56,NaN,NaN,2019-03-22,25,37,3.68
R0328,Saanvi Nair,49,Female,Jaipur,2023-02-02,280,9,3.89
R0329,Meera Reddy,52,Male,Ahmedabad,2020-04-23,143,49,3.71
R0330,Kavya Patel,42,Female,Pune,2023-02-18,146,25,3.31
R0331,Kavya Iyer,NaN,Female,Kolkata,2019-07-07,297,35,4.64
R0332,Aadhya Singh,NaN,NaN,Bengaluru,2022-10-01,170,21,3.22
R0333,Aadhya Iyer,32,Male,Pune,2022-07-09,166,43,4.04
R0334,Reyansh Singh,25,NaN,Chennai,2023-12-02,463,1,3.44
R0335,Aadhya Das,23,Female,Bengaluru,2020-12-24,186,8,3.44
R0336,Vivaan Reddy,60,Female,Bengaluru,2023-05-25,NaN,NaN,4.23
R0337,Kavya Das,41,NaN,Bengaluru,2020-06-27,109,40,NaN
R0338,Saanvi Patel,44,Other,Delhi,2020-06-30,473,11,4.01
R0339,Reyansh Gupta,41,NaN,Kolkata,2019-09-15,289,49,NaN
R0340,Reyansh Das,44,Other,Surat,2021-05-18,274,19,4.4
R0341,Saanvi Iyer,21,Other,Bengaluru,2022-03-29,333,19,NaN
R0342,Aarav Kumar,41,Other,Jaipur,2022-04-05,429,34,3.81
R0343,Diya Das,25,Female,Jaipur,2021-03-23,126,49,4.01
R0344,Meera Gupta,35,Female,Mumbai,2019-06-06,15,26,3.46
R0345,Reyansh Singh,NaN,Other,Kolkata,2019-07-24,444,26,4.35
R0346,Aadhya Patel,22,Male,Ahmedabad,2022-12-29,166,38,4.44
R0347,Saanvi Singh,36,Other,Chennai,2023-03-16,382,38,3.75
R0348,Kavya Sharma,49,Other,Kolkata,2021-07-24,480,0,3.68
R0349,Diya Nair,NaN,Other,Chennai,2021-03-19,75,26,3.74
R0350,Aarav Kumar,21,Female,Pune,2020-12-18,NaN,NaN,4.68
R0351,Vivaan Nair,18,NaN,Mumbai,2021-12-04,361,41,3.58
R0352,Diya Singh,37,Other,Hyderabad,2020-02-05,NaN,NaN,4.9
R0353,Reyansh Iyer,57,Other,Hyderabad,2022-06-10,173,7,NaN
R0354,Vivaan Reddy,56,Female,Hyderabad,2023-10-28,NaN,NaN,4.88
R0355,Diya Kumar,36,Other,Surat,2019-07-12,462,50,3.67
R0356,Reyansh Kumar,38,Other,Kolkata,2022-05-06,84,38,4.7
R0357,Vivaan Patel,52,Male,Kolkata,2022-04-08,299,43,3.47
R0358,Reyansh Reddy,55,Other,Ahmedabad,2021-11-04,79,2,4.51
R0359,Arjun Gupta,26,Other,Jaipur,2019-08-18,69,1,3.7
R0360,Saanvi Ghosh,47,Male,NaN,2023-03-18,296,14,3.74
R0361,Meera Patel,28,Female,Hyderabad,2023-09-05,258,24,4.92
R0362,Arjun Reddy,19,Female,Chennai,2023-05-03,39,30,4.31
R0363,Saanvi Kumar,53,Female,Bengaluru,2023-10-27,119,13,4.85
R0364,Diya Nair,39,Female,Hyderabad,2022-06-20,138,21,4.47
R0365,Reyansh Ghosh,54,Female,Kolkata,2022-06-21,73,42,3.45
R0366,Aarav Singh,29,Female,Delhi,2021-03-25,324,24,4.56
R0367,Arjun Patel,41,Other,Kolkata,2019-03-08,389,46,4.33
R0368,Kavya Das,20,Male,NaN,2021-02-01,126,13,4.22
R0369,Saanvi Patel,29,Female,NaN,2022-09-04,273,14,NaN
R0370,Aadhya Das,45,NaN,Delhi,2022-08-23,314,32,4.34
R0371,Aadhya Ghosh,50,Female,Jaipur,2023-08-26,342,25,3.25
R0372,Aadhya Das,29,NaN,Hyderabad,2021-03-09,67,19,3.91
R0373,Meera Singh,NaN,Male,Surat,2019-07-01,456,45,3.83
R0374,Kavya Iyer,38,Male,Chennai,2020-06-02,440,33,4.49
R0375,Ishaan Patel,49,Female,Hyderabad,2023-12-01,NaN,NaN,3.11
R0376,Diya Nair,38,Male,NaN,2020-12-16,NaN,NaN,3.57
R0377,Saanvi Patel,52,Other,Bengaluru,2022-08-06,370,30,4.28
R0378,Meera Das,56,Other,NaN,2023-01-04,63,48,5.0
R0379,Ishaan Gupta,NaN,Other,Delhi,2020-09-26,NaN,NaN,4.89
R0380,Saanvi Nair,57,Other,Hyderabad,2020-04-02,218,10,3.61
R0381,Ishaan Gupta,43,Male,Ahmedabad,2021-05-11,305,27,3.97
R0382,Arjun Patel,33,Other,Mumbai,2019-03-11,89,38,4.91
R0383,Ishaan Ghosh,49,Female,Bengaluru,2020-06-16,434,41,4.84
R0384,Vivaan Patel,53,Female,Mumbai,2021-10-15,319,42,3.26
R0385,Diya Iyer,58,Female,Hyderabad,2019-03-17,132,15,3.61
R0386,Aadhya Sharma,30,Female,Bengaluru,2020-03-28,204,1,3.77
R0387,Aarav Sharma,52,Female,Jaipur,2022-07-19,265,28,NaN
R0388,Aarav Ghosh,18,Female,Ahmedabad,2021-06-09,74,25,3.58
R0389,Kavya Singh,38,Male,Mumbai,2019-11-07,386,7,4.85
R0390,Ishaan Reddy,NaN,Female,Hyderabad,2019-11-10,38,30,4.44
R0391,Ishaan Gupta,29,Male,NaN,2019-10-15,211,6,3.23
R0392,Aadhya Ghosh,54,Female,Pune,2021-04-15,5,20,4.07
R0393,Reyansh Nair,41,Female,Delhi,2021-10-04,430,9,4.16
R0394,Arjun Kumar,34,Other,NaN,2022-10-11,319,38,4.93
R0395,Kavya Reddy,33,Female,Surat,2023-03-10,376,30,3.98
R0396,Arjun Das,32,NaN,Pune,2021-12-12,279,18,NaN
R0397,Saanvi Reddy,60,Female,Delhi,2020-05-31,466,17,3.01
R0398,Saanvi Iyer,29,Female,NaN,2021-11-30,411,25,3.67
R0399,Arjun Reddy,28,NaN,NaN,2022-03-31,96,48,3.31
R0400,Aadhya Reddy,42,Female,Mumbai,2020-11-08,427,24,4.07
R0401,Reyansh Gupta,56,Male,Delhi,2019-08-28,184,15,3.11
R0402,Vivaan Nair,31,Male,Delhi,2020-06-19,265,7,3.61
R0403,Aarav Ghosh,21,Female,NaN,2021-11-14,67,NaN,3.96
R0404,Kavya Kumar,19,Female,Delhi,2019-02-15,55,13,3.94
R0405,Saanvi Ghosh,42,Female,Ahmedabad,2019-07-31,126,8,3.9
R0406,Reyansh Gupta,NaN,Other,NaN,2019-02-27,68,9,3.18
R0407,Aadhya Singh,38,Male,Ahmedabad,2019-05-30,NaN,NaN,NaN
R0408,Arjun Nair,49,Female,Ahmedabad,2021-07-14,468,14,3.85
R0409,Ishaan Sharma,NaN,Male,NaN,2020-12-21,410,3,3.78
R0410,Diya Iyer,56,Other,Mumbai,2023-04-22,166,32,NaN
R0411,Reyansh Nair,39,NaN,Pune,2019-01-13,332,18,4.78
R0412,Kavya Sharma,44,Female,Surat,2020-09-28,194,11,NaN
R0413,Aadhya Gupta,29,Male,Kolkata,2019-11-17,380,50,4.61
R0414,Vivaan Ghosh,38,Female,Bengaluru,2021-09-06,385,36,3.78
R0415,Aarav Patel,25,Other,Surat,2020-01-25,266,8,4.75
R0416,Aarav Sharma,18,Female,Surat,2020-09-05,93,35,3.1
R0417,Ishaan Gupta,55,Female,Delhi,2019-10-29,189,11,4.45
R0418,Vivaan Ghosh,24,Male,Mumbai,2021-11-14,165,6,3.98
R0419,Ishaan Kumar,25,Male,NaN,2019-04-30,303,34,4.84
R0420,Reyansh Gupta,18,Other,Bengaluru,2022-01-05,445,11,3.8
R0421,Vivaan Kumar,28,Female,Delhi,2019-07-03,106,9,3.05
R0422,Diya Gupta,22,NaN,Jaipur,2020-09-18,342,3,4.57
R0423,Arjun Singh,20,Male,Chennai,2020-05-08,255,20,4.23
R0424,Kavya Patel,28,Other,Hyderabad,2020-01-16,327,15,3.53
R0425,Diya Ghosh,52,Male,Ahmedabad,2021-06-11,460,41,3.7
R0426,Reyansh Iyer,58,Female,Kolkata,2020-06-15,123,20,4.83
R0427,Meera Gupta,54,Male,NaN,2019-11-22,NaN,NaN,4.77
R0428,Aadhya Gupta,45,Other,Pune,2020-06-07,308,NaN,4.42
R0429,Kavya Reddy,34,Other,Jaipur,2021-04-05,214,44,3.49
R0430,Arjun Patel,56,Other,Kolkata,2023-05-29,293,34,4.43
R0431,Vivaan Reddy,18,Male,Mumbai,2023-08-12,495,23,4.99
R0432,Reyansh Patel,57,Female,Delhi,2022-03-30,43,7,4.94
R0433,Meera Kumar,NaN,Male,Pune,2020-01-07,370,18,4.71
R0434,Saanvi Sharma,NaN,Other,Chennai,2021-09-24,383,40,3.9
R0435,Vivaan Patel,39,Female,NaN,2023-01-04,274,18,3.1
R0436,Vivaan Ghosh,30,Male,Kolkata,2023-08-21,429,22,3.85
R0437,Aadhya Kumar,41,Female,Kolkata,2021-01-23,25,2,3.01
R0438,Meera Singh,46,Other,NaN,2020-08-14,250,44,4.22
R0439,Diya Singh,52,Female,Surat,2022-02-12,59,4,3.5
R0440,Reyansh Nair,19,Female,Hyderabad,2019-01-13,2,34,3.44
R0441,Diya Singh,26,Other,Pune,2020-05-07,195,32,4.59
R0442,Ishaan Gupta,51,Female,Pune,2023-10-24,320,40,4.95
R0443,Aadhya Singh,18,Female,Mumbai,2021-05-14,263,43,3.33
R0444,Ishaan Sharma,NaN,Male,NaN,2022-03-21,6,19,3.72
R0445,Arjun Gupta,24,Other,Jaipur,2023-01-13,378,45,4.56
R0446,Aarav Singh,NaN,Female,Chennai,2021-05-10,351,47,4.82
R0447,Diya Nair,44,Male,Ahmedabad,2021-07-06,175,23,3.35
R0448,Aadhya Iyer,55,Male,Pune,2022-06-28,277,33,3.48
R0449,Aadhya Ghosh,28,Female,Jaipur,2021-04-24,282,13,NaN
R0450,Saanvi Das,56,Male,Jaipur,2021-05-31,84,8,NaN
R0451,Kavya Singh,52,Female,Mumbai,2021-10-27,157,26,3.48
R0452,Saanvi Kumar,38,Female,Pune,2022-05-11,NaN,NaN,3.92
R0453,Aadhya Sharma,37,Male,Kolkata,2020-01-12,175,13,4.49
R0454,Aadhya Das,55,NaN,Pune,2021-08-26,280,31,4.65
R0455,Vivaan Reddy,44,Male,Pune,2020-03-08,286,2,4.47
R0456,Diya Singh,37,Female,Chennai,2021-12-03,115,42,3.18
R0457,Saanvi Kumar,38,Female,NaN,2023-08-17,76,3,4.9
R0458,Ishaan Sharma,49,Female,Surat,2020-08-22,269,NaN,3.08
R0459,Aadhya Iyer,NaN,Female,Delhi,2022-11-17,14,16,4.74
R0460,Saanvi Singh,38,Female,Delhi,2023-01-14,274,28,3.52
R0461,Aarav Patel,19,Female,Chennai,2019-01-26,467,1,4.01
R0462,Arjun Reddy,43,Female,Chennai,2019-05-04,377,36,3.64
R0463,Kavya Gupta,NaN,Other,Hyderabad,2019-11-09,294,46,4.51
R0464,Diya Singh,NaN,Female,Hyderabad,2020-08-27,66,4,4.82
R0465,Aadhya Gupta,39,Female,Hyderabad,2020-11-04,172,17,3.49
R0466,Aarav Sharma,30,Other,Mumbai,2023-12-04,44,27,NaN
R0467,Arjun Das,37,Male,NaN,2019-03-01,101,44,NaN
R0468,Meera Patel,42,Male,Ahmedabad,2019-12-05,455,4,4.73
R0469,Ishaan Gupta,54,Other,Surat,2022-03-03,NaN,NaN,4.69
R0470,Arjun Das,25,Male,Mumbai,2021-10-31,404,30,3.86
R0471,Arjun Gupta,NaN,Other,Pune,2021-04-23,294,48,3.12
R0472,Aadhya Kumar,23,Male,Ahmedabad,2020-08-22,NaN,NaN,4.6
R0473,Meera Sharma,23,Male,Kolkata,2020-02-05,386,35,3.99
R0474,Arjun Patel,25,Male,NaN,2020-11-29,NaN,NaN,3.52
R0475,Reyansh Gupta,NaN,Male,NaN,2023-10-25,110,NaN,4.57
R0476,Diya Reddy,33,Other,NaN,2021-01-28,63,39,3.69
R0477,Kavya Singh,28,Other,Chennai,2021-01-23,182,10,3.42
R0478,Arjun Reddy,19,Other,Hyderabad,2021-12-16,401,7,4.22
R0479,Saanvi Singh,26,Male,Jaipur,2019-01-14,194,28,4.13
R0480,Aarav Gupta,49,Other,Jaipur,2021-10-31,NaN,NaN,4.26
R0481,Diya Ghosh,58,Other,Jaipur,2022-04-06,199,39,4.68
R0482,Meera Ghosh,53,Female,Delhi,2020-04-07,167,12,3.17
R0483,Reyansh Kumar,33,Female,Delhi,2019-08-05,326,46,3.54
R0484,Meera Sharma,19,Male,Mumbai,2021-08-23,469,49,4.74
R0485,Ishaan Kumar,34,Female,NaN,2023-04-14,NaN,NaN,3.89
R0486,Kavya Nair,50,Other,Hyderabad,2023-10-22,103,43,3.57
R0487,Saanvi Das,21,Other,Mumbai,2023-06-28,139,45,4.56
R0488,Aarav Reddy,NaN,Female,Ahmedabad,2020-12-25,93,NaN,3.97
R0489,Ishaan Reddy,34,Other,Jaipur,2019-02-11,113,5,4.89
R0490,Arjun Nair,19,Other,Delhi,2022-09-23,467,12,3.06
R0491,Aarav Sharma,58,Female,Hyderabad,2019-04-22,380,1,4.53
R0492,Vivaan Kumar,19,Female,Jaipur,2023-11-22,490,10,4.58
R0493,Kavya Kumar,NaN,Male,Pune,2022-04-27,300,41,3.55
R0494,Diya Das,45,Male,Jaipur,2020-12-31,159,11,3.11
R0495,Diya Reddy,26,NaN,Pune,2019-07-03,236,22,4.55
R0496,Vivaan Gupta,36,Other,Delhi,2019-04-22,190,47,3.9
R0497,Aadhya Ghosh,42,Other,Bengaluru,2021-06-02,319,22,3.91
R0498,Diya Nair,56,Female,NaN,2019-01-29,126,2,3.89
R0499,Vivaan Das,NaN,Female,Delhi,2021-06-01,320,30,3.07
R0500,Diya Kumar,20,Male,Kolkata,2020-11-06,463,47,NaN
R0501,Aadhya Ghosh,60,Female,Kolkata,2020-08-16,98,37,NaN
R0502,Reyansh Kumar,51,Male,Surat,2019-08-08,77,41,NaN
R0503,Kavya Iyer,29,Female,NaN,2021-08-31,328,11,3.19
R0504,Kavya Das,23,Female,Chennai,2020-02-21,215,39,4.4
R0505,Vivaan Patel,26,Male,Kolkata,2020-01-25,NaN,NaN,4.24
R0506,Vivaan Iyer,19,Other,Ahmedabad,2022-09-18,51,14,3.77
R0507,Diya Kumar,42,Other,Delhi,2023-12-02,92,29,3.81
R0508,Diya Nair,41,Other,NaN,2021-05-06,73,16,3.74
R0509,Kavya Ghosh,NaN,Male,NaN,2022-03-22,364,47,3.99
R0510,Ishaan Das,45,Female,Mumbai,2021-08-13,346,9,NaN
R0511,Ishaan Patel,NaN,Male,Chennai,2023-11-21,77,11,3.32
R0512,Meera Das,40,Female,Kolkata,2023-02-24,350,49,3.13
R0513,Meera Nair,28,Female,Pune,2022-06-21,157,6,4.72
R0514,Reyansh Kumar,33,Male,Hyderabad,2023-04-25,18,20,3.68
R0515,Saanvi Nair,39,Other,NaN,2023-04-12,284,2,3.4
R0516,Aarav Nair,42,NaN,Hyderabad,2019-07-25,NaN,NaN,4.53
R0517,Ishaan Gupta,42,Other,Pune,2020-04-27,34,1,3.33
R0518,Meera Gupta,31,Other,Chennai,2023-11-24,304,NaN,3.25
R0519,Aadhya Ghosh,34,Male,Kolkata,2019-04-30,141,24,3.2
R0520,Ishaan Singh,22,Other,Mumbai,2020-04-25,413,17,3.76
R0521,Vivaan Reddy,60,Female,Pune,2023-08-17,364,34,3.34
R0522,Saanvi Nair,34,Other,Surat,2023-04-29,80,50,4.95
R0523,Aarav Patel,23,NaN,Mumbai,2021-05-01,178,17,3.14
R0524,Reyansh Das,19,Female,Kolkata,2019-06-14,260,3,3.42
R0525,Kavya Das,26,Female,Kolkata,2023-11-16,342,21,4.6
R0526,Aarav Ghosh,60,Other,Surat,2019-09-10,243,NaN,3.75
R0527,Ishaan Sharma,42,Female,Kolkata,2020-09-09,77,48,3.78
R0528,Vivaan Nair,18,Other,Ahmedabad,2023-06-07,184,36,3.67
R0529,Kavya Kumar,50,Male,Bengaluru,2020-05-08,450,32,4.79
R0530,Arjun Sharma,57,Male,Pune,2021-03-18,174,14,4.11
R0531,Ishaan Ghosh,24,NaN,Kolkata,2021-09-09,96,2,3.32
R0532,Vivaan Kumar,NaN,Female,Jaipur,2022-12-02,146,43,4.09
R0533,Ishaan Ghosh,21,Other,Mumbai,2020-01-29,NaN,NaN,4.6
R0534,Reyansh Kumar,27,Male,Surat,2021-11-24,174,48,3.7
R0535,Reyansh Ghosh,60,Other,Ahmedabad,2020-11-21,213,NaN,3.6
R0536,Arjun Kumar,26,Male,Kolkata,2022-02-06,454,10,3.92
R0537,Vivaan Gupta,22,Male,Mumbai,2023-08-28,333,12,3.97
R0538,Reyansh Ghosh,53,Male,Mumbai,2023-09-25,419,NaN,4.05
R0539,Aadhya Iyer,18,Male,Kolkata,2020-08-19,355,NaN,4.61
R0540,Reyansh Patel,37,Other,Hyderabad,2021-04-19,496,24,4.91
R0541,Ishaan Kumar,54,Female,Delhi,2020-10-02,2,21,4.23
R0542,Ishaan Iyer,54,Female,Kolkata,2021-02-17,282,12,4.99
R0543,Aarav Iyer,33,Other,Ahmedabad,2023-07-21,237,NaN,3.34
R0544,Kavya Patel,NaN,Female,Delhi,2021-11-27,264,25,4.34
R0545,Vivaan Gupta,51,Female,Pune,2019-03-06,17,1,3.82
R0546,Arjun Iyer,60,Female,Pune,2022-09-10,147,40,3.69
R0547,Meera Nair,24,Male,Delhi,2022-08-15,468,11,3.93
R0548,Meera Patel,NaN,Male,Jaipur,2022-09-10,457,32,NaN
R0549,Ishaan Das,26,Female,Delhi,2019-05-24,362,49,3.34
R0550,Aarav Kumar,52,Male,Delhi,2019-03-07,191,43,4.9
R0551,Vivaan Nair,19,Other,Pune,2021-06-13,NaN,NaN,3.72
R0552,Arjun Ghosh,58,Female,Chennai,2020-10-18,132,7,3.66
R0553,Diya Das,50,Female,Jaipur,2022-12-29,444,38,3.03
R0554,Arjun Patel,56,Other,Jaipur,2022-04-10,457,15,4.34
R0555,Aarav Gupta,NaN,NaN,Pune,2019-10-13,441,NaN,3.03
R0556,Reyansh Iyer,51,Male,Mumbai,2020-12-06,315,1,3.45
R0557,Meera Ghosh,55,Male,Ahmedabad,2021-12-20,344,41,3.14
R0558,Aadhya Reddy,34,Male,Jaipur,2022-04-15,71,17,3.04
R0559,Meera Sharma,32,Female,Kolkata,2019-09-16,13,32,3.42
R0560,Reyansh Reddy,56,Other,Mumbai,2021-01-16,NaN,NaN,3.13
R0561,Diya Kumar,41,Male,Delhi,2023-04-16,77,38,4.94
R0562,Diya Kumar,30,Female,Chennai,2023-09-27,16,26,4.82
R0563,Meera Patel,40,Male,Delhi,2023-08-28,321,NaN,4.14
R0564,Arjun Singh,45,Other,NaN,2021-03-23,NaN,NaN,4.59
R0565,Aarav Reddy,32,Male,Bengaluru,2023-07-04,442,2,4.82
R0566,Kavya Ghosh,39,Other,Jaipur,2023-06-24,17,4,3.44
R0567,Meera Singh,56,Male,Kolkata,2019-06-12,295,48,4.91
R0568,Kavya Singh,19,Other,Chennai,2019-10-22,295,16,4.01
R0569,Arjun Ghosh,NaN,Other,Chennai,2023-02-02,32,NaN,4.19
R0570,Ishaan Singh,56,Other,NaN,2023-05-22,334,24,3.68
R0571,Reyansh Iyer,19,Other,Jaipur,2022-12-14,333,1,3.12
R0572,Kavya Kumar,57,Female,Ahmedabad,2023-07-31,386,NaN,4.33
R0573,Arjun Nair,NaN,Male,Ahmedabad,2020-12-01,39,16,4.4
R0574,Saanvi Nair,NaN,Female,Hyderabad,2020-04-05,159,NaN,3.36
R0575,Saanvi Reddy,41,Female,Surat,2023-08-04,211,49,3.66
R0576,Aadhya Singh,54,Other,Kolkata,2019-06-24,286,1,4.24
R0577,Arjun Gupta,48,Female,Surat,2023-04-04,4,1,3.85
R0578,Aarav Reddy,50,NaN,Chennai,2023-01-16,487,20,4.57
R0579,Aarav Nair,NaN,Other,Chennai,2023-01-09,33,10,NaN
R0580,Ishaan Gupta,NaN,Male,Delhi,2020-04-16,322,32,3.85
R0581,Kavya Gupta,27,Male,Kolkata,2021-12-02,308,13,4.19
R0582,Diya Reddy,50,Female,Pune,2021-01-30,NaN,NaN,4.16
R0583,Aarav Reddy,23,NaN,Mumbai,2020-02-12,292,49,3.17
R0584,Aarav Ghosh,26,Male,Pune,2020-08-10,67,33,3.08
R0585,Meera Singh,46,Female,Kolkata,2020-12-03,279,NaN,3.7
R0586,Arjun Reddy,NaN,Male,Hyderabad,2023-01-26,140,4,4.85
R0587,Aadhya Das,58,Other,Hyderabad,2023-01-13,272,20,3.99
R0588,Diya Ghosh,50,Male,NaN,2023-07-12,300,31,NaN
R0589,Meera Kumar,34,Other,NaN,2021-02-16,328,NaN,4.89
R0590,Diya Singh,NaN,Female,Ahmedabad,2022-09-20,437,43,NaN
R0591,Reyansh Kumar,41,Female,NaN,2022-01-01,266,15,3.36
R0592,Aadhya Singh,36,Male,Bengaluru,2019-06-24,430,11,4.25
R0593,Diya Patel,24,Female,Pune,2021-07-20,251,8,3.33
R0594,Saanvi Reddy,46,NaN,Jaipur,2022-01-22,336,1,3.91
R0595,Vivaan Kumar,47,Other,Pune,2021-11-15,137,46,4.88
R0596,Reyansh Gupta,48,Other,Surat,2022-09-17,271,32,3.02
R0597,Kavya Nair,NaN,Male,Jaipur,2023-02-26,143,19,3.52
R0598,Arjun Ghosh,52,Male,Pune,2020-08-29,354,3,4.04
R0599,Meera Singh,48,Female,Jaipur,2020-10-22,77,47,4.17
R0600,Ishaan Sharma,51,Other,Ahmedabad,2019-12-25,355,0,4.27
R0601,Aadhya Singh,NaN,Female,Pune,2019-11-06,326,3,3.11
R0602,Meera Patel,56,Male,Bengaluru,2019-02-22,428,3,NaN
R0603,Vivaan Iyer,53,Other,Bengaluru,2022-03-29,98,12,3.84
R0604,Aarav Nair,NaN,NaN,Hyderabad,2021-04-01,132,2,3.69
R0605,Saanvi Singh,52,Female,Chennai,2020-04-23,310,3,4.66
R0606,Arjun Iyer,24,Male,Pune,2023-02-25,399,4,3.37
R0607,Reyansh Sharma,NaN,Male,NaN,2020-05-27,NaN,NaN,3.66
R0608,Saanvi Singh,42,Female,Bengaluru,2022-09-22,145,43,3.12
R0609,Diya Gupta,38,Female,Delhi,2020-03-27,0,2,3.94
R0610,Diya Singh,49,Other,Chennai,2020-04-14,300,20,4.51
R0611,Kavya Iyer,59,Male,Surat,2019-01-09,59,37,4.51
R0612,Aadhya Patel,40,Other,Surat,2022-09-07,191,48,NaN
R0613,Diya Kumar,27,Male,Delhi,2019-11-27,260,4,3.19
R0614,Arjun Patel,45,Other,Mumbai,2023-04-26,418,NaN,4.36
R0615,Reyansh Singh,35,Other,Kolkata,2020-03-06,337,25,3.8
R0616,Diya Singh,44,Male,Mumbai,2022-07-21,284,50,3.63
R0617,Vivaan Kumar,34,Male,Chennai,2022-03-23,434,19,3.0
R0618,Aarav Gupta,36,Female,Jaipur,2020-10-09,465,29,4.44
R0619,Aadhya Gupta,40,Other,NaN,2023-01-08,413,0,3.73
R0620,Aadhya Iyer,45,Other,NaN,2019-11-07,472,39,4.2
R0621,Saanvi Das,60,Female,Chennai,2022-06-15,168,33,4.91
R0622,Kavya Iyer,41,NaN,Bengaluru,2019-10-16,178,40,NaN
R0623,Aadhya Patel,19,Male,Jaipur,2020-02-19,59,15,3.67
R0624,Diya Sharma,20,Other,Delhi,2022-12-10,9,37,3.48
R0625,Ishaan Iyer,24,Male,Pune,2022-01-24,354,41,3.74
R0626,Aadhya Singh,59,Male,Surat,2020-11-29,30,1,3.08
R0627,Ishaan Iyer,21,Female,Pune,2019-12-08,237,50,4.89
R0628,Aadhya Das,18,Male,Kolkata,2021-07-10,42,23,3.19
R0629,Reyansh Gupta,NaN,Male,NaN,2022-09-26,252,7,4.1
R0630,Ishaan Singh,25,Female,Mumbai,2023-04-04,443,50,4.27
R0631,Aadhya Nair,28,Other,Delhi,2019-03-15,2,34,4.13
R0632,Meera Kumar,52,NaN,Delhi,2020-03-12,224,20,4.82
R0633,Aarav Das,29,Other,Hyderabad,2019-11-27,197,48,3.11
R0634,Aarav Das,25,Female,Mumbai,2023-11-14,167,10,3.87
R0635,Aadhya Kumar,19,Male,NaN,2022-06-10,422,34,3.77
R0636,Vivaan Gupta,39,Male,Ahmedabad,2019-02-18,210,6,4.03
R0637,Aadhya Patel,NaN,NaN,NaN,2023-06-25,7,6,3.09
R0638,Arjun Nair,28,NaN,Chennai,2022-08-27,110,NaN,3.64
R0639,Meera Ghosh,44,Other,Hyderabad,2022-05-29,459,44,3.94
R0640,Aadhya Ghosh,30,Male,Chennai,2020-12-25,346,27,3.08
R0641,Kavya Sharma,28,Other,Pune,2021-01-15,NaN,NaN,4.66
R0642,Ishaan Patel,19,Female,Mumbai,2023-07-18,446,NaN,4.95
R0643,Saanvi Das,30,NaN,Bengaluru,2023-06-06,109,5,4.66
R0644,Aadhya Kumar,42,NaN,Surat,2022-12-23,482,36,4.88
R0645,Aadhya Iyer,47,Female,Pune,2023-11-15,126,35,4.04
R0646,Aarav Kumar,24,Female,Mumbai,2022-09-01,435,14,4.03
R0647,Kavya Gupta,27,Female,Ahmedabad,2023-10-17,NaN,NaN,3.57
R0648,Reyansh Patel,30,Female,Pune,2019-11-16,490,40,4.3
R0649,Meera Patel,NaN,Female,Delhi,2021-12-30,184,19,5.0
R0650,Vivaan Sharma,42,NaN,Hyderabad,2022-09-01,83,16,4.69
R0651,Vivaan Sharma,NaN,Male,Chennai,2022-08-20,22,5,3.16
R0652,Aarav Patel,43,Male,Ahmedabad,2020-05-29,452,34,4.62
R0653,Arjun Ghosh,50,Female,Mumbai,2019-03-04,19,35,4.05
R0654,Arjun Reddy,53,Other,Pune,2021-12-26,291,36,NaN
R0655,Ishaan Patel,52,Female,Delhi,2021-04-23,265,NaN,3.65
R0656,Aadhya Gupta,26,Male,Kolkata,2021-08-30,284,0,4.34
R0657,Diya Das,59,Other,Pune,2023-05-21,259,24,3.31
R0658,Aadhya Reddy,28,Female,Chennai,2022-09-28,440,33,3.02
R0659,Saanvi Patel,55,Male,NaN,2022-10-18,122,41,NaN
R0660,Aarav Kumar,28,Other,Delhi,2022-12-09,456,13,4.32
R0661,Diya Reddy,58,Female,Jaipur,2021-12-16,NaN,NaN,3.39
R0662,Aadhya Ghosh,57,Other,Bengaluru,2020-04-01,NaN,NaN,3.74
R0663,Aarav Nair,26,Other,Pune,2019-10-18,329,26,3.43
R0664,Kavya Reddy,36,Other,NaN,2022-09-17,245,23,3.32
R0665,Reyansh Reddy,46,Female,Delhi,2021-08-01,368,22,3.03
R0666,Kavya Reddy,33,Other,Pune,2020-08-19,417,4,4.81
R0667,Arjun Iyer,20,Male,Bengaluru,2023-09-23,39,31,4.71
R0668,Diya Gupta,38,Male,Ahmedabad,2020-05-16,17,NaN,3.61
R0669,Vivaan Das,53,Other,Delhi,2020-12-01,55,21,3.76
R0670,Arjun Nair,37,Other,Delhi,2021-01-31,284,35,3.22
R0671,Ishaan Kumar,22,Female,Hyderabad,2019-06-02,251,24,3.32
R0672,Aadhya Ghosh,19,NaN,Bengaluru,2022-01-24,NaN,NaN,4.58
R0673,Vivaan Iyer,57,Other,Bengaluru,2023-01-16,NaN,NaN,4.93
R0674,Kavya Das,NaN,Male,Mumbai,2022-03-18,199,5,4.11
R0675,Ishaan Patel,18,Female,Kolkata,2021-08-22,63,17,3.75
R0676,Ishaan Sharma,19,Male,Pune,2022-02-24,448,NaN,4.2
R0677,Aadhya Singh,46,Male,Jaipur,2019-10-09,375,NaN,3.67
R0678,Meera Kumar,26,Female,Chennai,2023-12-04,211,38,4.1
R0679,Aarav Nair,47,Other,Bengaluru,2020-07-30,172,43,4.5
R0680,Aarav Kumar,49,Male,Mumbai,2022-12-20,NaN,NaN,3.43
R0681,Reyansh Iyer,30,Female,Hyderabad,2022-01-20,156,46,4.99
R0682,Kavya Gupta,24,Other,Kolkata,2021-11-27,177,7,3.3
R0683,Ishaan Kumar,51,Female,Kolkata,2023-11-01,384,17,3.55
R0684,Arjun Das,25,Male,Bengaluru,2023-10-20,465,43,3.51
R0685,Meera Gupta,26,Other,Pune,2023-02-23,107,42,NaN
R0686,Ishaan Patel,20,Male,Delhi,2022-08-17,496,27,4.09
R0687,Reyansh Kumar,NaN,Other,Chennai,2020-06-10,NaN,NaN,NaN
R0688,Aarav Sharma,40,Other,Surat,2022-10-06,392,45,3.52
R0689,Meera Gupta,53,Male,Pune,2022-12-24,NaN,NaN,4.97
R0690,Saanvi Sharma,57,Male,Kolkata,2019-11-20,473,42,3.6
R0691,Meera Singh,39,Other,NaN,2019-05-31,41,NaN,4.33
R0692,Meera Gupta,32,NaN,Chennai,2022-06-11,412,19,3.31
R0693,Arjun Reddy,45,Female,Chennai,2020-05-18,184,39,3.27
R0694,Ishaan Gupta,27,Female,Hyderabad,2019-10-28,249,26,3.67
R0695,Aarav Reddy,28,NaN,NaN,2023-11-11,NaN,NaN,3.05
R0696,Diya Nair,49,Female,Pune,2020-07-17,189,37,4.37
R0697,Kavya Patel,48,Male,Jaipur,2022-01-19,437,34,3.26
R0698,Aarav Patel,55,Male,Kolkata,2020-06-12,321,47,4.46
R0699,Arjun Ghosh,60,Female,Bengaluru,2023-10-08,2,27,3.2
R0700,Ishaan Kumar,43,Female,Jaipur,2021-05-25,184,49,4.45
R0701,Aadhya Patel,29,Male,Kolkata,2019-01-13,NaN,NaN,4.42
R0702,Aadhya Singh,NaN,Male,NaN,2019-03-08,352,NaN,4.08
R0703,Diya Patel,NaN,NaN,Bengaluru,2022-09-26,NaN,NaN,3.35
R0704,Aarav Das,18,Female,Mumbai,2023-09-02,184,19,NaN
R0705,Ishaan Patel,22,Other,Jaipur,2019-06-15,159,46,3.71
R0706,Arjun Sharma,42,Other,Jaipur,2021-03-30,193,32,3.87
R0707,Meera Ghosh,27,Other,Mumbai,2023-03-06,480,12,4.41
R0708,Kavya Patel,54,Male,Mumbai,2022-12-20,120,40,4.74
R0709,Vivaan Patel,25,Other,Hyderabad,2023-04-05,239,NaN,3.83
R0710,Reyansh Reddy,25,NaN,Surat,2020-04-24,385,30,4.97
R0711,Vivaan Das,NaN,NaN,Ahmedabad,2020-06-05,364,0,4.16
R0712,Kavya Kumar,51,Male,Mumbai,2020-07-02,338,2,4.23
R0713,Aarav Nair,39,Female,Pune,2022-11-08,162,4,4.51
R0714,Meera Reddy,NaN,Female,Ahmedabad,2023-08-13,371,43,4.71
R0715,Vivaan Singh,35,Female,Surat,2021-05-20,NaN,NaN,3.91
R0716,Reyansh Ghosh,48,Other,Delhi,2021-01-25,NaN,NaN,3.72
R0717,Arjun Das,37,Other,Hyderabad,2021-10-02,257,29,4.79
R0718,Vivaan Das,53,Male,Hyderabad,2021-11-28,359,47,4.76
R0719,Kavya Kumar,29,NaN,Bengaluru,2019-09-22,10,31,4.9
R0720,Diya Patel,33,Female,NaN,2020-02-08,402,33,4.86
R0721,Meera Nair,NaN,Female,Hyderabad,2021-06-12,406,38,4.94
R0722,Vivaan Patel,36,Female,Chennai,2022-10-02,74,20,3.59
R0723,Kavya Nair,39,Other,Delhi,2020-03-13,NaN,NaN,3.8
R0724,Meera Iyer,23,Other,Pune,2021-11-13,147,22,NaN
R0725,Saanvi Nair,29,Female,NaN,2020-05-22,400,19,4.18
R0726,Ishaan Reddy,54,Other,Hyderabad,2019-07-06,148,13,4.64
R0727,Vivaan Reddy,27,Female,Pune,2019-10-17,185,10,3.46
R0728,Saanvi Reddy,23,Female,Ahmedabad,2021-02-17,145,9,4.36
R0729,Arjun Gupta,57,Male,Chennai,2019-05-19,428,44,4.86
R0730,Meera Reddy,NaN,Other,Mumbai,2022-01-06,285,28,NaN
R0731,Arjun Singh,NaN,Male,Chennai,2023-04-10,113,44,3.84
R0732,Aadhya Patel,28,Female,Ahmedabad,2020-04-28,NaN,NaN,4.31
R0733,Vivaan Sharma,36,Male,Hyderabad,2020-12-21,169,14,3.89
R0734,Vivaan Sharma,50,Male,Ahmedabad,2022-02-22,446,32,NaN
R0735,Saanvi Sharma,30,Other,Mumbai,2021-03-05,161,23,NaN
R0736,Diya Sharma,38,Male,Chennai,2020-05-05,449,NaN,4.47
R0737,Aarav Singh,43,Other,Jaipur,2023-09-08,68,3,3.77
R0738,Ishaan Patel,45,Male,Pune,2021-03-24,341,0,3.93
R0739,Ishaan Nair,21,Male,Pune,2021-09-13,295,5,3.31
R0740,Aadhya Sharma,36,Female,Pune,2022-02-02,77,7,4.98
R0741,Saanvi Das,43,Female,NaN,2020-07-19,NaN,NaN,3.87
R0742,Arjun Reddy,42,Other,Mumbai,2021-11-05,375,31,3.67
R0743,Meera Kumar,43,Male,Kolkata,2020-06-22,20,8,4.25
R0744,Aarav Gupta,60,Male,Bengaluru,2020-01-12,424,15,4.68
R0745,Kavya Ghosh,34,Male,Kolkata,2022-09-03,312,31,4.97
R0746,Aarav Ghosh,48,Other,NaN,2022-02-03,341,23,4.93
R0747,Aarav Reddy,41,Female,Delhi,2023-11-30,178,41,3.23
R0748,Vivaan Sharma,59,Male,Bengaluru,2020-03-31,360,14,4.07
R0749,Saanvi Gupta,31,Female,Bengaluru,2023-03-23,367,46,3.86
R0750,Meera Patel,39,Male,Ahmedabad,2023-01-03,339,5,4.0
R0751,Aadhya Singh,29,Female,Hyderabad,2021-10-27,441,28,3.41
R0752,Meera Nair,38,Other,NaN,2020-04-06,40,1,3.95
R0753,Arjun Nair,55,Other,NaN,2020-07-21,283,NaN,4.53
R0754,Saanvi Sharma,32,Female,Surat,2023-08-11,80,50,4.85
R0755,Reyansh Singh,21,Male,Surat,2022-07-27,223,NaN,3.8
R0756,Diya Das,24,Male,Delhi,2023-01-03,326,24,4.1
R0757,Arjun Kumar,21,NaN,Hyderabad,2022-06-27,447,23,3.09
R0758,Reyansh Nair,59,Other,Hyderabad,2022-08-19,181,8,4.26
R0759,Meera Reddy,42,Female,Hyderabad,2022-01-24,415,30,3.08
R0760,Ishaan Das,20,NaN,Delhi,2019-12-14,427,NaN,3.91
R0761,Aarav Singh,59,NaN,Jaipur,2020-04-15,335,35,4.08
R0762,Saanvi Patel,47,Male,NaN,2019-10-04,85,49,3.1
R0763,Aadhya Gupta,29,Male,Bengaluru,2021-05-04,441,37,NaN
R0764,Meera Singh,NaN,Female,Jaipur,2019-09-19,452,8,4.0
R0765,Aarav Das,32,Male,Bengaluru,2020-09-05,281,26,4.19
R0766,Meera Ghosh,38,Other,NaN,2019-05-16,474,1,4.17
R0767,Reyansh Ghosh,48,Other,NaN,2019-03-18,400,NaN,4.09
R0768,Arjun Iyer,60,Other,NaN,2022-01-19,115,9,4.78
R0769,Aarav Singh,24,Other,Mumbai,2019-12-15,NaN,NaN,4.71
R0770,Reyansh Iyer,36,Male,Ahmedabad,2021-11-24,292,NaN,3.07
R0771,Meera Ghosh,29,Female,Surat,2022-01-22,142,3,3.68
R0772,Arjun Ghosh,22,Male,Mumbai,2021-07-16,NaN,NaN,3.77
R0773,Saanvi Das,44,Female,Surat,2021-01-04,NaN,NaN,4.74
R0774,Saanvi Gupta,46,Female,NaN,2020-10-20,430,22,4.18
R0775,Arjun Gupta,35,Other,Ahmedabad,2019-06-01,380,12,3.05
R0776,Aarav Kumar,59,Male,Pune,2020-01-20,454,26,3.41
R0777,Diya Ghosh,21,Female,Hyderabad,2023-03-02,411,38,4.3
R0778,Ishaan Iyer,29,Female,NaN,2022-10-13,273,25,3.33
R0779,Kavya Patel,48,Other,Delhi,2019-06-07,253,NaN,3.65
R0780,Aadhya Reddy,35,Other,NaN,2022-02-06,NaN,NaN,3.72
R0781,Kavya Kumar,28,Female,Delhi,2019-05-03,214,30,4.45
R0782,Arjun Gupta,36,Female,Chennai,2019-12-07,53,32,3.75
R0783,Kavya Reddy,35,Other,Mumbai,2023-11-01,145,48,NaN
R0784,Meera Ghosh,28,Female,NaN,2020-05-12,369,29,3.68
R0785,Saanvi Reddy,NaN,Other,NaN,2021-11-28,51,31,3.69
R0786,Arjun Sharma,43,Female,Delhi,2020-01-30,254,0,4.69
R0787,Diya Nair,50,Female,Bengaluru,2020-06-07,437,17,4.57
R0788,Aadhya Reddy,30,Female,Chennai,2023-08-06,133,47,4.74
R0789,Diya Gupta,28,Male,Kolkata,2019-12-02,216,17,3.13
R0790,Ishaan Singh,24,Female,Pune,2022-07-05,353,3,4.87
R0791,Aarav Patel,37,Other,Pune,2021-06-04,337,27,4.92
R0792,Aadhya Iyer,40,Male,NaN,2019-03-03,374,12,3.55
R0793,Arjun Iyer,29,Other,Bengaluru,2020-03-28,155,35,3.84
R0794,Reyansh Kumar,35,Male,Kolkata,2021-02-13,221,12,4.89
R0795,Kavya Iyer,57,Female,Mumbai,2022-02-19,328,22,4.16
R0796,Meera Reddy,32,Other,Hyderabad,2021-08-29,152,16,4.3
R0797,Ishaan Singh,28,Female,NaN,2020-09-23,58,8,3.16
R0798,Aarav Ghosh,22,Female,NaN,2020-04-02,456,NaN,4.01
R0799,Vivaan Singh,48,Female,Surat,2022-10-27,225,1,3.14
R0800,Saanvi Patel,48,Other,Ahmedabad,2020-06-17,123,45,3.49
R0801,Reyansh Das,57,Male,Surat,2020-05-13,119,44,3.94
R0802,Arjun Kumar,40,Female,Hyderabad,2023-09-27,346,4,NaN
R0803,Diya Sharma,28,Other,Ahmedabad,2019-12-01,NaN,NaN,3.2
R0804,Diya Gupta,52,Male,Delhi,2020-08-04,NaN,NaN,3.35
R0805,Diya Das,42,Female,Hyderabad,2023-03-27,419,NaN,3.9
R0806,Saanvi Singh,60,NaN,Bengaluru,2019-12-27,159,3,NaN
R0807,Kavya Nair,20,Other,Chennai,2020-05-29,485,NaN,4.42
R0808,Saanvi Ghosh,56,Female,Ahmedabad,2019-06-30,430,8,4.08
R0809,Aadhya Reddy,44,Female,Kolkata,2023-12-05,58,23,4.73
R0810,Saanvi Reddy,47,Other,Jaipur,2020-09-25,46,50,3.53
R0811,Aarav Gupta,22,Male,Bengaluru,2022-10-05,421,50,3.62
R0812,Diya Nair,49,Female,Mumbai,2019-08-05,457,NaN,3.1
R0813,Reyansh Sharma,25,Other,Hyderabad,2023-01-23,15,25,NaN
R0814,Vivaan Patel,39,NaN,Surat,2020-03-23,215,1,3.64
R0815,Arjun Gupta,18,Female,Hyderabad,2022-11-03,NaN,NaN,3.93
R0816,Ishaan Ghosh,NaN,Female,NaN,2022-11-16,431,21,3.41
R0817,Vivaan Nair,38,Female,Hyderabad,2023-04-23,86,36,3.99
R0818,Reyansh Reddy,57,Male,Kolkata,2022-02-15,153,34,NaN
R0819,Meera Singh,18,Female,Kolkata,2022-08-01,358,38,4.92
R0820,Saanvi Nair,32,Male,Pune,2019-02-12,298,NaN,4.0
R0821,Diya Patel,31,Female,Bengaluru,2021-04-02,471,18,4.64
R0822,Kavya Iyer,57,Other,NaN,2019-06-19,387,49,3.94
R0823,Aadhya Das,22,Other,Kolkata,2022-03-14,398,3,4.32
R0824,Saanvi Reddy,25,Other,NaN,2021-05-20,76,NaN,4.54
R0825,Aadhya Iyer,39,Other,Jaipur,2020-06-29,188,9,3.87
R0826,Arjun Iyer,60,Other,Surat,2021-06-23,153,43,4.67
R0827,Aadhya Reddy,NaN,Female,Chennai,2019-11-12,296,14,4.94
R0828,Saanvi Singh,24,Other,NaN,2019-11-25,320,2,5.0
R0829,Kavya Das,49,Female,Delhi,2019-04-03,465,30,4.99
R0830,Diya Reddy,35,Male,Surat,2020-02-14,422,NaN,3.23
R0831,Meera Nair,52,Female,Pune,2019-01-18,233,30,3.06
R0832,Kavya Das,NaN,Male,Bengaluru,2023-08-20,196,19,3.62
R0833,Aarav Nair,NaN,NaN,Bengaluru,2019-06-09,488,11,4.07
R0834,Saanvi Kumar,20,NaN,Kolkata,2020-09-06,330,45,4.37
R0835,Meera Ghosh,49,Other,Delhi,2019-12-01,194,17,4.03
R0836,Diya Reddy,30,Other,Kolkata,2020-03-01,225,30,4.17
R0837,Meera Ghosh,31,Other,Delhi,2021-05-26,176,12,3.68
R0838,Vivaan Kumar,56,Female,Mumbai,2022-04-26,231,0,NaN
R0839,Diya Iyer,NaN,Other,Jaipur,2019-04-22,NaN,NaN,4.95
R0840,Aarav Iyer,46,NaN,Kolkata,2021-09-22,169,29,4.5
R0841,Ishaan Patel,59,Other,Surat,2022-02-24,175,5,3.91
R0842,Meera Sharma,NaN,Male,Bengaluru,2023-02-18,NaN,NaN,4.87
R0843,Diya Patel,57,Female,Delhi,2020-01-23,359,18,4.15
R0844,Vivaan Ghosh,55,Female,Pune,2021-05-30,437,45,3.74
R0845,Ishaan Nair,50,Male,Kolkata,2019-06-22,152,45,4.38
R0846,Reyansh Reddy,48,NaN,Jaipur,2020-02-04,318,37,3.7
R0847,Aarav Patel,34,Other,Surat,2023-05-29,461,46,4.13
R0848,Ishaan Nair,35,Female,Jaipur,2020-03-24,470,5,3.55
R0849,Vivaan Singh,24,Other,NaN,2020-01-21,484,18,NaN
R0850,Kavya Gupta,NaN,NaN,Bengaluru,2019-05-15,NaN,NaN,NaN
R0851,Kavya Das,60,Male,Mumbai,2022-01-11,186,5,3.97
R0852,Kavya Iyer,54,Female,Jaipur,2019-03-02,426,3,4.61
R0853,Diya Gupta,54,NaN,NaN,2023-07-14,338,37,3.85
R0854,Meera Gupta,30,NaN,Delhi,2021-03-27,355,44,4.77
R0855,Vivaan Sharma,30,Female,Surat,2022-11-14,488,5,4.63
R0856,Ishaan Kumar,52,Female,Ahmedabad,2019-10-23,489,33,3.69
R0857,Reyansh Nair,50,Other,Pune,2020-03-22,341,11,3.67
R0858,Meera Sharma,33,NaN,Surat,2019-02-16,1,40,3.13
R0859,Meera Das,50,Female,Delhi,2021-07-05,455,41,4.98
R0860,Aarav Nair,29,Female,Chennai,2019-05-29,487,38,4.08
R0861,Ishaan Ghosh,19,Female,Delhi,2021-01-05,282,16,4.15
R0862,Ishaan Kumar,60,Male,NaN,2021-03-28,37,31,3.52
R0863,Vivaan Gupta,29,Male,Chennai,2021-08-09,49,NaN,4.73
R0864,Aarav Das,20,Other,Ahmedabad,2019-09-09,221,4,4.22
R0865,Vivaan Reddy,20,Male,Jaipur,2023-03-22,82,39,4.0
R0866,Arjun Nair,55,Other,Hyderabad,2019-09-12,200,42,3.87
R0867,Aadhya Nair,47,Other,Chennai,2019-12-10,425,21,3.81
R0868,Ishaan Kumar,56,Other,NaN,2019-04-04,262,8,3.77
R0869,Aadhya Reddy,33,Female,Jaipur,2021-08-20,455,20,3.0
R0870,Meera Reddy,NaN,Male,Mumbai,2022-06-05,143,34,NaN
R0871,Ishaan Kumar,34,Female,Jaipur,2021-01-25,399,NaN,4.07
R0872,Kavya Reddy,34,Female,Pune,2021-05-03,274,24,3.45
R0873,Aadhya Nair,37,NaN,Chennai,2019-08-18,365,30,4.45
R0874,Aarav Gupta,30,Other,Delhi,2021-07-18,NaN,NaN,4.69
R0875,Diya Ghosh,22,Male,Kolkata,2019-10-25,191,5,4.41
R0876,Kavya Patel,51,Male,Chennai,2019-04-27,458,NaN,3.19
R0877,Kavya Singh,55,Female,Ahmedabad,2022-03-03,282,45,3.46
R0878,Ishaan Kumar,43,Female,Hyderabad,2023-11-15,344,30,4.91
R0879,Arjun Kumar,53,Other,Chennai,2019-03-24,NaN,NaN,3.86
R0880,Meera Reddy,20,Other,NaN,2022-06-29,250,7,4.74
R0881,Saanvi Reddy,44,Male,Bengaluru,2021-02-07,352,36,3.59
R0882,Kavya Patel,57,Female,Hyderabad,2020-09-02,348,30,4.96
R0883,Aarav Kumar,31,Male,Surat,2022-06-24,372,33,3.11
R0884,Diya Das,44,NaN,Kolkata,2023-06-13,NaN,NaN,3.01
R0885,Aarav Singh,25,Female,NaN,2019-12-27,340,33,4.84
R0886,Diya Sharma,55,Female,Delhi,2020-05-11,250,27,3.3
R0887,Aarav Das,26,Other,Hyderabad,2020-10-01,NaN,NaN,3.87
R0888,Diya Nair,60,NaN,Ahmedabad,2020-01-12,12,48,NaN
R0889,Aarav Das,28,Other,Kolkata,2021-04-02,292,NaN,4.85
R0890,Saanvi Kumar,52,NaN,Surat,2020-04-02,104,28,NaN
R0891,Vivaan Ghosh,22,Female,Surat,2021-04-10,339,26,4.12
R0892,Reyansh Reddy,19,Female,Ahmedabad,2019-01-12,269,32,3.95
R0893,Kavya Das,60,Female,Delhi,2020-10-14,97,36,3.31
R0894,Kavya Kumar,57,NaN,Kolkata,2021-07-26,303,29,4.75
R0895,Saanvi Iyer,32,Female,Ahmedabad,2022-08-19,228,19,3.0
R0896,Saanvi Nair,35,Male,Surat,2023-01-01,1,16,3.23
R0897,Arjun Nair,49,Male,Kolkata,2019-08-20,311,33,4.89
R0898,Aarav Sharma,36,Male,Pune,2021-10-14,108,NaN,4.31
R0899,Saanvi Nair,47,Other,NaN,2020-11-28,154,0,3.92
R0900,Aadhya Sharma,29,Other,Jaipur,2022-02-18,39,50,3.61
R0901,Saanvi Sharma,49,Other,NaN,2021-08-14,407,32,4.81
R0902,Saanvi Das,NaN,Female,Ahmedabad,2019-12-20,18,NaN,4.48
R0903,Aadhya Reddy,34,Other,Delhi,2020-10-28,365,39,3.15
R0904,Aadhya Das,NaN,Other,Ahmedabad,2022-10-19,198,32,4.77
R0905,Arjun Ghosh,26,Other,Chennai,2023-09-18,204,22,3.5
R0906,Vivaan Gupta,38,Male,NaN,2020-09-11,239,23,3.42
R0907,Vivaan Gupta,18,Other,Chennai,2020-12-25,129,NaN,3.99
R0908,Vivaan Patel,40,Other,Surat,2021-02-22,261,44,4.28
R0909,Meera Patel,18,Female,Bengaluru,2023-05-04,494,2,4.28
R0910,Ishaan Iyer,35,Male,Jaipur,2021-03-21,231,3,4.83
R0911,Vivaan Kumar,25,Female,Mumbai,2019-05-25,279,46,NaN
R0912,Diya Patel,51,Female,NaN,2022-08-25,241,NaN,NaN
R0913,Ishaan Gupta,23,Female,Hyderabad,2020-05-19,286,25,3.34
R0914,Ishaan Gupta,45,Female,Kolkata,2023-10-19,394,6,4.6
R0915,Ishaan Reddy,21,Male,Hyderabad,2021-03-27,80,2,4.69
R0916,Diya Nair,34,Male,Surat,2023-12-01,321,12,3.25
R0917,Aadhya Reddy,28,Other,Mumbai,2023-04-29,168,23,4.54
R0918,Arjun Reddy,NaN,Female,Bengaluru,2019-12-13,57,30,4.64
R0919,Vivaan Reddy,60,Other,Pune,2023-04-03,392,37,NaN
R0920,Kavya Singh,42,Other,Jaipur,2020-11-11,401,48,3.48
R0921,Aarav Sharma,29,Female,Delhi,2023-12-03,201,44,3.9
R0922,Kavya Nair,37,Other,Hyderabad,2023-07-03,409,50,NaN
R0923,Vivaan Sharma,NaN,NaN,Delhi,2019-03-04,204,27,3.87
R0924,Vivaan Sharma,26,Male,Delhi,2022-11-02,414,25,4.95
R0925,Arjun Das,23,Other,Mumbai,2023-10-09,152,15,4.71
R0926,Diya Kumar,39,Other,Pune,2023-04-08,247,11,3.73
R0927,Kavya Gupta,59,Female,Ahmedabad,2022-09-14,358,NaN,4.56
R0928,Kavya Singh,53,Female,Pune,2019-07-03,182,27,3.96
R0929,Aarav Nair,55,NaN,Jaipur,2021-04-12,476,31,4.34
R0930,Ishaan Singh,29,Other,Pune,2020-10-24,NaN,NaN,3.44
R0931,Meera Sharma,28,Other,Jaipur,2023-07-21,213,46,3.68
R0932,Saanvi Nair,33,Male,Kolkata,2021-02-27,341,3,4.24
R0933,Vivaan Kumar,34,Other,Jaipur,2023-02-15,54,45,4.27
R0934,Diya Singh,NaN,Female,NaN,2022-01-21,300,16,4.92
R0935,Reyansh Kumar,NaN,Female,NaN,2020-03-10,446,5,4.53
R0936,Ishaan Patel,37,Other,Bengaluru,2022-10-11,339,16,NaN
R0937,Reyansh Patel,53,Male,Chennai,2021-05-18,353,50,3.7
R0938,Aadhya Reddy,36,Other,Mumbai,2021-03-06,NaN,NaN,3.81
R0939,Reyansh Sharma,42,Female,NaN,2020-12-31,NaN,NaN,NaN
R0940,Arjun Patel,41,NaN,Chennai,2022-05-03,244,16,3.96
R0941,Aadhya Nair,31,Male,Pune,2022-01-04,28,8,4.35
R0942,Aadhya Singh,50,Female,Mumbai,2021-02-23,108,14,3.37
R0943,Aarav Nair,57,NaN,Kolkata,2023-05-08,86,42,3.47
R0944,Aarav Iyer,43,Male,Chennai,2021-05-05,301,28,4.82
R0945,Aarav Sharma,60,Female,Pune,2021-02-06,418,31,3.01
R0946,Arjun Das,57,Other,NaN,2023-10-15,261,28,3.27
R0947,Vivaan Patel,41,Female,Hyderabad,2019-08-16,312,NaN,4.28
R0948,Saanvi Nair,58,Other,Kolkata,2020-05-02,NaN,NaN,NaN
R0949,Vivaan Das,21,Female,Ahmedabad,2022-05-05,371,NaN,NaN
R0950,Arjun Singh,NaN,NaN,Kolkata,2023-02-16,476,NaN,3.99
R0951,Meera Nair,20,Female,Kolkata,2023-06-13,301,37,4.22
R0952,Ishaan Gupta,59,Male,Chennai,2022-12-22,332,27,4.91
R0953,Vivaan Das,48,NaN,Pune,2019-03-02,254,27,3.36
R0954,Arjun Ghosh,23,Female,Delhi,2020-04-15,214,48,4.86
R0955,Arjun Patel,50,Female,Kolkata,2020-11-09,491,50,4.12
R0956,Meera Gupta,53,NaN,NaN,2021-02-14,421,45,4.76
R0957,Ishaan Nair,43,NaN,Jaipur,2022-11-07,NaN,NaN,3.56
R0958,Vivaan Sharma,26,Female,Surat,2022-07-29,475,NaN,4.57
R0959,Diya Patel,47,Other,Delhi,2021-08-31,199,37,3.97
R0960,Diya Kumar,37,Other,Surat,2019-09-11,NaN,NaN,3.16
R0961,Vivaan Gupta,46,Female,NaN,2019-05-06,83,46,3.05
R0962,Saanvi Ghosh,33,Other,Pune,2021-04-23,327,NaN,4.04
R0963,Arjun Gupta,25,Other,Jaipur,2023-03-02,16,39,3.03
R0964,Aadhya Kumar,44,NaN,Mumbai,2023-05-28,142,10,4.11
R0965,Diya Iyer,60,NaN,Bengaluru,2023-01-23,273,18,3.22
R0966,Arjun Gupta,27,Other,Ahmedabad,2020-04-25,199,1,4.73
R0967,Arjun Kumar,20,NaN,Delhi,2020-03-15,39,4,4.59
R0968,Diya Kumar,42,Female,Jaipur,2020-08-08,287,33,4.34
R0969,Aarav Kumar,58,Female,Surat,2023-09-18,331,43,3.24
R0970,Aarav Ghosh,40,Male,Bengaluru,2023-07-15,448,6,NaN
R0971,Aadhya Sharma,52,Other,Mumbai,2022-11-13,493,44,3.64
R0972,Reyansh Kumar,21,Male,NaN,2023-04-18,357,39,4.72
R0973,Aarav Patel,45,Male,Surat,2022-06-01,156,5,3.99
R0974,Kavya Gupta,29,Female,Chennai,2022-05-23,154,45,3.13
R0975,Ishaan Ghosh,46,Other,Bengaluru,2019-08-28,198,50,4.41
R0976,Aadhya Reddy,60,Male,NaN,2022-01-21,208,23,3.12
R0977,Kavya Nair,58,Male,Chennai,2020-05-15,279,48,4.04
R0978,Arjun Ghosh,37,NaN,Hyderabad,2019-06-10,73,46,4.66
R0979,Aarav Nair,25,Other,Jaipur,2023-05-09,47,25,4.4
R0980,Meera Patel,24,Male,Delhi,2021-09-09,215,17,4.9
R0981,Vivaan Sharma,NaN,Other,Hyderabad,2021-07-22,270,40,NaN
R0982,Kavya Iyer,33,Other,Pune,2019-04-22,83,35,3.72
R0983,Ishaan Das,20,Female,Kolkata,2022-08-06,49,50,4.82
R0984,Arjun Reddy,57,Female,Chennai,2022-10-28,482,6,4.34
R0985,Reyansh Sharma,29,Female,Mumbai,2023-10-20,230,40,3.24
R0986,Diya Sharma,19,Female,NaN,2020-04-27,278,28,3.16
R0987,Ishaan Das,52,Male,Pune,2019-12-08,323,6,3.51
R0988,Reyansh Reddy,51,Male,Mumbai,2022-02-15,173,30,3.26
R0989,Meera Singh,27,NaN,Delhi,2022-04-13,368,26,3.06
R0990,Arjun Kumar,21,Male,Bengaluru,2021-11-08,342,13,3.99
R0991,Vivaan Ghosh,35,Other,Chennai,2019-09-26,160,4,3.93
R0992,Aarav Nair,32,Other,Ahmedabad,2019-06-03,14,27,3.74
R0993,Saanvi Gupta,NaN,Male,Chennai,2019-03-30,151,23,4.97
R0994,Aarav Gupta,29,Male,Pune,2020-09-26,494,NaN,3.25
R0995,Reyansh Patel,55,Female,Kolkata,2019-02-13,252,35,3.55
R0996,Saanvi Reddy,41,Other,Pune,2021-09-12,NaN,NaN,4.07
R0997,Saanvi Kumar,18,Other,Chennai,2022-10-14,NaN,NaN,4.55
R0998,Reyansh Iyer,59,NaN,Mumbai,2021-08-09,250,NaN,4.87
R0999,Kavya Iyer,NaN,Female,Hyderabad,2022-02-07,NaN,NaN,3.03
R1000,Meera Sharma,29,Other,Surat,2023-03-03,257,28,4.22
